{"groups":[{"name":"Root_lib","groupName":"命令库","commands":["LoginSystemHanghua"]}],"commands":[{"items":[{"commandName":"login_hanghua","commandDesc":"","visible":true,"function":"LoginSystemHanghua.login_hanghua","translateType":32,"args":[{"name":"LoginSystemHanghua.login_hanghua","propName":"输出到","desc":"调用的函数名称","dataType":"variable","defaultValue":"LoginSystemHanghua.login_hanghua"},{"name":"config","desc":"","propName":"config","dataType":"variable","inputType":"text","defaultValue":"\"\""},{"name":"username","desc":"","propName":"username","dataType":"variable","inputType":"text","defaultValue":"\"\""},{"name":"password","desc":"","propName":"password","dataType":"variable","inputType":"text","defaultValue":"\"\""},{"name":"url","desc":"","propName":"url","dataType":"variable","inputType":"text","defaultValue":"\"\""}],"srcCode":"#LoginSystemHanghua.login_hanghua(#config, #username, #password, #url)"}],"name":"LoginSystemHanghua","nameSpace":"LoginSystemHanghua","className":"LoginSystemHanghua","creatorType":0,"version":"1.0.1","isLib":1,"author":"","createTime":1744075611298}],"outputCache":{"outPutPath":"C:\\Users\\HT\\Desktop\\LoginSystemHanghua","outPutMainFileName":"LoginSystemHanghua","outPutVersionItem1":"1","outPutVersionItem2":"0","outPutVersionItem3":"1","funcArr":[{"funcName":"login_hanghua","orderName":"login_hanghua","useTip":"","visibleTransform":"LoginSystemHanghua.login_hanghua()","outPut":"Variable","hasReturn":false,"argsArr":[{"argName":"config","argReName":"config","argDefaultValue":"","argUseTip":""},{"argName":"username","argReName":"username","argDefaultValue":"","argUseTip":""},{"argName":"password","argReName":"password","argDefaultValue":"","argUseTip":""},{"argName":"url","argReName":"url","argDefaultValue":"","argUseTip":""}]}],"funcIndex":0,"argIndex":0}}